{"field":"BACKEND","author":"콴다","title":"콴다 back 모집","content":"안녕하세요! 저희는 콴다 팀 입니다! 2023년 여름을 맞에 프로그램을 싹 재구성 하고 프로그램을 정리 할 예정입니다. 저희 팀이 다루는 프로그램에는 database를 다루는 것 또한 포함되어 있기에 sql관련 자격증을 소지하신 분만 연락 바랍니다! 월급은 추후 협상 예정이며 근무 시간은 10:00 - 18:00입니다. 복지는 눈치없는 휴가 사용, 무한한 간식 제공, 식대 지원 등이 있습니다. 많은 연락 바랍니다.","tag":"#sql자격증 #콴다","link":"https://open.kakao.com/o/gO5G0dXd ", "date":"2023-06-14"}