{"field":"FRONTEND","author":"콴다","title":"콴다 프로젝트 모집","content":"안녕하세요 문제 검색, 질문 답변, 맞춤형 개념학습 콘텐츠를 제공하는 ai 교육 플랫폼 콴다입니다. 지난 6년 간 전 세계 모두에게 동등하고 효과적인 교육을 제공한다는 비전 아래 Google, SoftBank Ventures Asia 등 글로벌 최고의 투자기관으로부터 누적 1,200억원의 투자 유치, 누적 가입자 수 6,000만, MAU 1,300만, 글로벌 50개국 진출, 20개 이상 국가 교육 차트 1위라는 숫자를 만들어냈습니다. \r\n이러한 저희 콴다 팀에 새 팀원을 모집합니다. 자세히는 프로젝트에 투입되지만 개발보다는 업무 습득을 중심으로 진행될 것입니다. 저희 팀은 교육을 웹으로 옮기는 작업을 합니다. 글로벌 1300만 mau를 가진 콴다 앱의 핵심인 검색페이지를 만듭니다. 또한 앱 안의 다양한 웹 뷰와 디자인 시스템 라이브러리를 개발합니다. 유져 경험과 개발 경험 개선을 위해 frontend 기술을 발전시키는 일을 하고 있습니다.\r\n교육을 중심으로 진행 되지만 심도 있는 개발에 투입될 수도 있습니다. 교육 개발 업무에 관심 있는 저희와 함께 배워 나가실 분을 찾습니다!","tag":"#교육 #콴다 #업무", "link":"https://open.kakao.com/o/gfAVlq8e", "date":"2023-06-18" }