{"field":"FRONTEND","author":"김세현","title":"웹 개발 프로젝트 모집","content":"안녕하세요 이번에 웹 개발 프로젝트를 진행하고 싶어서 글을 올리게 되었습니다. 게임 관련 웹을 만들어보고 싶은데 같이 프로젝트 진행해주실 대학생 분을 모집합니다. 같이 하면서 배우는 거니까 코딩 기초만 아는 분도 많이 많이 지원해주세요~ 아 프로그래밍은 react로 진행 될 예정입니다. ","tag":"#react","link":"https://open.kakao.com/o/gfAVlq8e", "date":"2023-06-19"}