{"field":"FRONTEND","author":"김태호","title":"프론트 공부 같이 하실 분 구해요","content":"안녕하세요! 프론트에 관심이 많고 프론트엔드 쪽 진로를 희망하고 있는 박사 과정 학생입니다. 평소 프론트엔드를 공부하고 개발하는 것에 관심이 많아 같이 스터디 하고 모임 하실 분을 찾습니다. 모르는 것은 질의 응답하며 같이 공부하고 웬만한 것은 제가 다 알려드릴 수 있습니다. 일주일에 한 번 정도로 생각하고 있습니다. 주기적으로 모이며 열정적으로 참여하실 수 있는 분을 모집합니다!!","tag":"#스터디 #프론트", "link":"https://open.kakao.com/o/gfAVlq8e", "date":"2023-06-13" }