{"field":"BACKEND","author":"콴다","title":"콴다 back 모집합니다.","content":"콴다 팀은 문제 검색, 질문답변, 맞춤형 개념학습 콘텐츠를 제공하는 AI 교육 플랫폼 콴다(QANDA)를 운영하고 있습니다. 또한, 콴다과외, QANDA Study 등 진출 국가에 적합한 신사업을 만들어 나가고 있습니다.\r\n\r\n지난 6년 간 전 세계 모두에게 동등하고 효과적인 교육을 제공한다는 비전 아래 Google, SoftBank Ventures Asia 등 글로벌 최고의 투자기관으로부터 누적 1,200억원의 투자 유치, 누적 가입자 수 6,000만, MAU 1,300만, 글로벌 50개국 진출, 20개 이상 국가 교육 차트 1위라는 숫자를 만들어냈습니다.\r\n\r\n스마트하고 열정적인 팀원들과 함께 Global No. 1 Education Platform을 향한 퀀텀 점프를 함께하실 대학생 팀원을 찾고 있습니다.\r\n\r\n콴다의 Product Development Division은 누적 가입자 수 6,000만 명의 글로벌 프로덕트 콴다(QANDA) 개발을 책임지고 있는 조직입니다. 높은 수준의 제품 퀄리티를 유지하는 것과 제품을 빠르게 개선하는 것을 매우 중요한 가치로 생각합니다. 이를 달성하기 위해서 실험하는 것을 좋아하며 데이터에 기반한 접근을 하기 위해 노력합니다. 혜택 및 복지는 코어타임을 기준으로 한 자유로운 출퇴근 유연 근무제 운영, 눈치 없는 휴가 사용과 무한한 휴가 제도 맥북, 모니터 등 고사양 it 장비 지원 무로 스낵 바 등 무한한 간식 지원.\r\n주요 업무는 글로벌 1300만 mau 트래픽을 처리합니다. msa 환경에서 서비스를 개발합니다. ","tag":"#콴다", "link":"https://open.kakao.com/o/gfAVlq8e", "date":"2023-08-19" }