{"field":"BACKEND","author":"정석우","title":"풀스택 개발","content":"안녕하세요 현재 ㅁㅁ기업 프로젝트를 진행중인 정석우입니다. 프로젝트를 진행하던 중 해당 프로젝트를 심도 있게 공부해보고 싶어 글을 올리게 되었습니다. 저는 프론트엔드 개발의 css 적용 및 배치에 능숙하지만 그에 비해 백엔드 분야에는 별 관심이 없어 같이 하실 분을 모집합니다. 프로젝트를 더 분석하고 더 나아가 기능을 추가 할 예정인데 제가 프론트를 맡을 예정이고 이 안에 들어갈 back을 개발해 주실 분을 찾습니다. db도 제가 다룰 줄 알지만 어느정도 능숙한 분이 연락 주셨으면 좋겠습니다.","tag":"#기업 프로젝트", "link":"https://open.kakao.com/o/gfAVlq8e", "date":"2023-08-19" }