{"field":"FRONTEND","author":"김소연","title":"같이 공부해요!","content":"프론트엔드 개발에 관심이 있는 대학생입니다. 관심이 정말 많지만 같이 공부하고 서로 주고받을 사람이 없어서 이렇게 구하게 되었습니다. 혹시 저처럼 프론트 공부하는 것에 관심 있으시면 편하게 카톡 주세요!! 스터디 하다가 프로젝트 주제도 하고 싶은 것이 있으면 진행하고 싶습니다. 방학 동안 단기로 빠싹하게 열정적으로 같이 하실 분 구해요!!!","tag":"#공부","link":"https://open.kakao.com/o/gO5G0dXd ", "date":"2023-08-19"}